{
  "total_puzzles": 20,
  "solvers_tested": [
    "CPSolver",
    "DLX",
    "MCTS",
    "Annealing",
    "DFS"
  ],
  "difficulties": [
    "easy",
    "medium",
    "hard",
    "expert"
  ],
  "results_by_algorithm": {
    "CPSolver": {
      "accuracy": 100.0,
      "avg_time_seconds": 0.049905220650180125,
      "max_time_seconds": 0.28003204699780326,
      "min_time_seconds": 0.013358531003177632,
      "avg_memory_mb": 0.662001085281372,
      "total_solved": 20,
      "total_tested": 20
    },
    "DLX": {
      "accuracy": 100.0,
      "avg_time_seconds": 0.035101312450024125,
      "max_time_seconds": 0.0625895209996088,
      "min_time_seconds": 0.02380188299866859,
      "avg_memory_mb": 0.10565757751464844,
      "total_solved": 20,
      "total_tested": 20
    },
    "MCTS": {
      "accuracy": 50.0,
      "avg_time_seconds": 30.405358142649494,
      "max_time_seconds": 60.0,
      "min_time_seconds": 0.048858342997846194,
      "avg_memory_mb": 0.11617450714111328,
      "total_solved": 10,
      "total_tested": 20
    },
    "Annealing": {
      "accuracy": 60.0,
      "avg_time_seconds": 17.280544778749935,
      "max_time_seconds": 36.413853114998346,
      "min_time_seconds": 0.5735694159993727,
      "avg_memory_mb": 0.007656717300415039,
      "total_solved": 12,
      "total_tested": 20
    },
    "DFS": {
      "accuracy": 100.0,
      "avg_time_seconds": 0.14811361155025224,
      "max_time_seconds": 0.6782489190009073,
      "min_time_seconds": 0.01980788999935612,
      "avg_memory_mb": 0.005589485168457031,
      "total_solved": 20,
      "total_tested": 20
    }
  },
  "results_by_difficulty": {
    "easy": {
      "CPSolver": {
        "accuracy": 100.0,
        "avg_time_seconds": 0.02273637300095288,
        "solved": 5,
        "tested": 5
      },
      "DLX": {
        "accuracy": 100.0,
        "avg_time_seconds": 0.030906038198736496,
        "solved": 5,
        "tested": 5
      },
      "MCTS": {
        "accuracy": 100.0,
        "avg_time_seconds": 0.09152209579915507,
        "solved": 5,
        "tested": 5
      },
      "Annealing": {
        "accuracy": 100.0,
        "avg_time_seconds": 3.8959952283999884,
        "solved": 5,
        "tested": 5
      },
      "DFS": {
        "accuracy": 100.0,
        "avg_time_seconds": 0.04501058739988366,
        "solved": 5,
        "tested": 5
      }
    },
    "medium": {
      "CPSolver": {
        "accuracy": 100.0,
        "avg_time_seconds": 0.01864514860062627,
        "solved": 5,
        "tested": 5
      },
      "DLX": {
        "accuracy": 100.0,
        "avg_time_seconds": 0.03286321659979876,
        "solved": 5,
        "tested": 5
      },
      "MCTS": {
        "accuracy": 100.0,
        "avg_time_seconds": 1.5299104747988168,
        "solved": 5,
        "tested": 5
      },
      "Annealing": {
        "accuracy": 100.0,
        "avg_time_seconds": 8.68688741320002,
        "solved": 5,
        "tested": 5
      },
      "DFS": {
        "accuracy": 100.0,
        "avg_time_seconds": 0.07143336500012083,
        "solved": 5,
        "tested": 5
      }
    },
    "hard": {
      "CPSolver": {
        "accuracy": 100.0,
        "avg_time_seconds": 0.09136149539990583,
        "solved": 5,
        "tested": 5
      },
      "DLX": {
        "accuracy": 100.0,
        "avg_time_seconds": 0.03209188560140319,
        "solved": 5,
        "tested": 5
      },
      "MCTS": {
        "accuracy": 0.0,
        "avg_time_seconds": 60.0,
        "solved": 0,
        "tested": 5
      },
      "Annealing": {
        "accuracy": 20.0,
        "avg_time_seconds": 29.05619500239991,
        "solved": 1,
        "tested": 5
      },
      "DFS": {
        "accuracy": 100.0,
        "avg_time_seconds": 0.2804305984005623,
        "solved": 5,
        "tested": 5
      }
    },
    "expert": {
      "CPSolver": {
        "accuracy": 100.0,
        "avg_time_seconds": 0.06687786559923552,
        "solved": 5,
        "tested": 5
      },
      "DLX": {
        "accuracy": 100.0,
        "avg_time_seconds": 0.04454410940015805,
        "solved": 5,
        "tested": 5
      },
      "MCTS": {
        "accuracy": 0.0,
        "avg_time_seconds": 60.0,
        "solved": 0,
        "tested": 5
      },
      "Annealing": {
        "accuracy": 20.0,
        "avg_time_seconds": 27.483101470999827,
        "solved": 1,
        "tested": 5
      },
      "DFS": {
        "accuracy": 100.0,
        "avg_time_seconds": 0.19557989540044218,
        "solved": 5,
        "tested": 5
      }
    }
  }
}